<?xml version="1.0" encoding="UTF-8"?>
<beans xmlns="http://www.springframework.org/schema/beans"
	xmlns:xsi="http://www.w3.org/2001/XMLSchema-instance"
	xmlns:context="http://www.springframework.org/schema/context"
	xsi:schemaLocation="http://www.springframework.org/schema/beans http://www.springframework.org/schema/beans/spring-beans-4.3.xsd
		http://www.springframework.org/schema/context http://www.springframework.org/schema/context/spring-context-4.3.xsd">

<import resource="myBeans.xml"/>

<bean id="mydemo" class="day1spring5core.Collectionsdemo">

<property name="names">

<list>
<value>nikhil</value>
<value>tom</value>
<value>jerry</value>
</list>
</property>

<property name="addresses">

<list>
<ref bean="address"/>
<ref bean="address1"/>
</list>

</property>

</bean>

<bean id="address" class="day1spring5core.Address">

<property name="stName" value="north avenue"/>
<property name="city" value="chennai"/>

</bean>


<bean id="address1" class="day1spring5core.Address">

<property name="stName" value="south avenue"/>
<property name="city" value="pune"/>

</bean>

</beans>
