<?xml version="1.0" encoding="UTF-8"?>
<beans xmlns="http://www.springframework.org/schema/beans"
	xmlns:xsi="http://www.w3.org/2001/XMLSchema-instance"
	xmlns:context="http://www.springframework.org/schema/context"
	xsi:schemaLocation="http://www.springframework.org/schema/beans http://www.springframework.org/schema/beans/spring-beans-4.3.xsd
		http://www.springframework.org/schema/context http://www.springframework.org/schema/context/spring-context-4.3.xsd">


<bean id="emp" class="day1spring5core.Employee" autowire="byName" lazy-init="true" init-method="init_method" destroy-method="dest_method" >
<!--
<constructor-arg name="employeeId" value="1001" />
<constructor-arg name="employeeName" value="tom" />
<constructor-arg name="salary" value="10000" />
<constructor-arg name="address" ref="myaddress" />

-->
  
<property name="employeeId" value="1001" />
<property name="employeeName" value="tom" />
<property name="salary" value="1000" />
<!--  
<property name="address" ref="myaddress" />
-->
</bean>



<bean id="address" class="day1spring5core.Address">

<property name="stName" value="north avenue"/>
<property name="city" value="chennai"/>

</bean>


</beans>
